CK1585591817439,
CK1585592817445,
CK1585593817451,
CK1585663818159,
CK1585664818165,
CK1585665818171
CK1585588817404
CK1585585817377
CK1585582817349
CK1585579817314
CM585576817287
CK1585573817259
CK1585570811221
CK1585567817197
CK1585564817169
CK1585561817131
CK1585558817106
CK158555581779
CK1585552817041
CK1585549817016
CK1585546816982
CK1585543816954
CK1585537816892
CK1585534816864
CK1585531816836
CK1585528816801
CK1585525816774
CK1585522816746
CK1585589817410
CK1585586817383
CK1585583817355
CK1585580817327
CM585577817293
CM585574817265
CK1585571817237
CK1585568817202
CK1585565817175
CK1585562817147
CK1585559817112
CK1585556817085
CK1585553817057
CK1585550817029
CK1585547816998
CK1585544816960
CK1585541816932
CK1585538816907
CK1585535816870
CK1585532816842
CK1585529816817
CK1585526816780
CK1585523816752
CK1585590817423
CK1585587817399
CK1585584817361
CK1585581817333
CK1585578817308
CK1585575817271
CK1585572817243
CK1585569817218
CK1585566817181
CK1585563817153
CK1585560817125
CK1585557817091
CK1585554817063
CK1585551817035
CK1585548817000
CK1585545816976
CK1585542816948
CK1585539816913
CK1585536816886
CK1585533816858
CK1585530816820
CK1585527816796
CK1585524816768
CK1585660818121
CK1585657818097
CK1585654818069
CK1585651818031
CK1585648818006
CK1585645817972
CK1585642817944
CK1585639817919
CK1585636817882
CK1585633817854
CK1585630817826
CK1585627817792
CK1585624817764
CK1585621817736
CK1585618817701
CK1585615817674
CK1585612817646
CK1585609817611
CK1585606817584
CK1585603817556
CK1585600817528
CK1585597817495
CK1585594817467
CK1585661818137
CK1585658818102
CK1585655818075
CK1585652818047
CK1585649818012
CK1585646817988
CK1585643817950
CK1585640817922
CK1585637817898
CK1585634817860
CK1585631817832
CK1585628817807
CK1585625817770
CK1585622817742
CK1585619817717
CK1585616817680
CK1585613817652
CK1585610817624
CK1585607817590
CK1585604817562
CK1585601817534
CK1585598817500
CK1585595817473
CK1585662818143
CK1585659818118
CK1585656818081
CK1585653818053
CK1585650818025
CM585647817994
CK1585644817966
CK1585641817938
CK1585638817903
CK1585635817876
CK1585632817848
CK1585629817813
CK1585626817786
CK1585623817758
CK1585620811120
CK1585617817696
CK1585614817668
CK1585611817630
CK1585608817605
CK1585605817578
CK1585602817540
CK1585599817516
CK1585596817489
